B2-200,V-784956
B2-153,V-782734
B2-133,V-549326
B2-11,V-493173
B2-38,V-167408
B2-37,V-519973
B2-187,V-207660
B2-213,V-795601
B2-93,V-166599
B2-172,V-295275
B2-105,V-810922
B2-118,V-107718
B2-75,V-772945
B2-95,V-662342
B2-145,V-713953
B2-126,V-221725
B2-137,V-479169
B2-91,V-928134
B2-230,V-355210
B2-23432,V-586140
B2-141,V-606416
B2-24,V-269608
B2-25,V-880736
B2-200,V-316954
B2-8,V-725776
B2-185,V-134948
B2-157,V-138465
B2-11,V-370953
B2-197,V-676867
B2-198,V-673104
B2-139,V-168025
B2-214,V-878386
B2-213,V-638948
B2-137,V-585791
B2-176,V-659614
B2-90,V-529994
B2-34,V-568113
B2-44,V-653061
B2-176,V-423024
B2-10,V-390538
B2-72,V-860881
B2-155,V-369106
B2-124,V-392260
B2-114,V-193845
B2-154,V-745411
B2-44,V-216375
B2-23,V-438683
B2-32,V-515267
B2-167,V-165667
B2-65,V-396837
B2-35,V-913861
B2-136,V-245116
B2-183,V-186978
B2-139,V-432189
B2-80,V-682741
B2-166,V-874357
B2-109,V-586140
B2-154,V-724164
B2-150,V-796635
B2-179,V-355186
B2-178,V-311722
B2-83,V-951958
B2-30,V-831563
B2-212,V-353336
B2-212,V-925121
B2-45,V-141955
B2-199,V-717741
B2-29,V-832088
B2-79,V-225258
B2-230,V-546080
B2-218,V-507854
B2-170,V-761704
B2-48,V-713629
B2-213,V-274695
B2-21,V-637695
B2-223,V-275135
B2-23,V-215012
B2-132,V-909046
B2-109,V-696723
B2-35,V-877511
B2-218,V-853799
B2-126,V-128418
B2-112,V-365566
B2-224,V-505072
B2-90,V-469183
B2-130,V-226340
B2-224,V-513803
B2-200,V-774467
B2-103,V-766992
B2-122,V-414626
B2-14,V-848253
B2-131,V-469523
B2-67,V-438227
B2-116,V-100330
B2-98,V-415867
B2-15,V-441385
B2-131,V-472206
B2-113,V-218184
B2-138,V-933964
B2-110,V-833856
B2-133,V-957143
B2-180,V-995713
B2-144,V-521300
B2-183,V-742116
B2-70,V-254737
B2-115,V-839713
B2-161,V-857477
B2-58,V-111727
B2-160,V-310244
B2-49,V-586489
B2-202,V-890587
B2-210,V-568550
B2-7,V-711589
B2-202,V-414243
B2-182,V-650261
B2-9,V-881755
B2-127,V-846317
B2-198,V-994045
B2-127,V-192196
B2-181,V-119725
B2-158,V-537352
B2-229,V-718091
B2-165,V-355514
B2-224,V-191105
B2-8,V-133105
B2-203,V-241960
B2-64,V-628153
B2-119,V-292679
B2-214,V-347477
B2-102,V-643534
B2-170,V-150712
B2-36,V-375176
B2-194,V-691915
B2-139,V-104425
B2-138,V-190691
B2-53,V-305691
B2-120,V-958057
B2-19,V-539307
B2-27,V-179982
B2-181,V-897148
B2-210,V-174833
B2-219,V-437161
B2-83,V-268611
B2-15,V-741165
B2-137,V-866566
B2-48,V-157231
B2-29,V-162799
B2-100,V-928083
B2-177,V-619878
B2-160,V-214708
B2-163,V-679079
B2-193,V-186208
B2-146,V-682939
B2-154,V-676317
B2-149,V-459819
B2-112,V-190150
B2-174,V-272509
B2-81,V-541046
B2-149,V-739407
B2-205,V-807480
B2-230,V-825250
B2-168,V-479606
B2-131,V-673430
B2-9,V-710520
B2-22,V-950612
B2-80,V-657676
B2-161,V-726559
B2-111,V-460620
B2-70,V-985431
B2-29,V-527721
B2-1,V-924321
B2-124,V-532395
B2-26,V-929271
B2-59,V-886027
B2-224,V-514014
B2-217,V-462122
B2-158,V-780255
B2-190,V-534243
B2-90,V-409305
B2-170,V-402296
B2-163,V-441450
B2-162,V-656560
B2-21,V-252119
B2-230,V-596104
B2-75,V-430630
B2-51,V-275234
B2-110,V-500904
B2-59,V-502527
B2-187,V-637039
B2-9,V-447374
B2-12,V-963809
B2-152,V-682511
B2-122,V-275086
B2-86,V-130577
B2-124,V-201052
B2-13,V-902749
B2-59,V-777030
B2-67,V-458044
B2-198,V-223988
B2-167,V-262597
B2-137,V-243046
B2-136,V-347328
B2-31,V-605454
B2-33,V-870455
B2-41,V-366659
B2-40,V-969341
B2-54,V-515726
B2-184,V-247001
B2-119,V-159085
B2-48,V-521180
B2-56,V-785521
B2-88,V-741836
B2-28,V-107454
B2-177,V-360417
B2-216,V-404477
B2-20,V-943308
B2-49,V-871206
B2-146,V-661007
B2-208,V-440362
B2-230,V-404076
B2-40,V-961408
B2-67,V-823068
B2-136,V-906136
B2-89,V-359946
B2-104,V-593368
B2-59,V-398749
B2-187,V-840334
B2-85,V-579509
B2-144,V-492293
B2-165,V-852621
B2-91,V-342840
B2-211,V-926524
B2-228,V-308087
B2-93,V-295501
B2-123,V-272256
B2-201,V-871145
B2-117,V-380321
B2-157,V-295047
B2-161,V-410008
B2-51,V-199566
B2-153,V-581896
B2-15,V-342013
B2-23,V-633187
B2-14,V-921860
B2-162,V-245272
B2-87,V-741444
B2-35,V-161610
B2-217,V-187140
B2-39,V-545134
B2-149,V-340512
B2-186,V-386610
B2-17,V-885593
B2-227,V-194896
B2-176,V-507675
B2-18,V-285792
B2-198,V-400016
B2-138,V-306303
B2-42,V-249247
B2-140,V-342192
B2-198,V-924276
B2-177,V-498568
B2-18,V-290521
B2-73,V-454330
B2-118,V-698574
B2-174,V-304741
B2-25,V-833305
B2-110,V-892642
B2-148,V-542697
B2-192,V-285649
B2-172,V-418128
B2-116,V-548727
B2-208,V-964117
B2-98,V-861523
B2-114,V-460986
B2-62,V-164490
B2-74,V-167498
B2-180,V-777633
B2-219,V-617143
B2-190,V-342637
B2-161,V-903193
B2-80,V-344679
B2-78,V-805630
B2-88,V-435397
B2-68,V-298488
B2-188,V-906277
B2-56,V-451466
B2-61,V-790141
B2-21,V-846488
B2-119,V-487232
B2-152,V-908272
B2-175,V-569130
B2-16,V-738699
B2-115,V-823101
B2-128,V-839736
B2-220,V-401540
B2-56,V-868511
B2-117,V-980189
B2-133,V-891881
B2-142,V-510034
B2-149,V-328113
B2-9,V-326806
